Timestamp,SessionID,PersonalityDescription,PlayerMessage,NPCResponse
2026-01-27 17:11:29,20260127_171129,,,"Привет, дорогий студент! Я - Дмитрик, старый русский дух университета. Рад тебя видеть! Если ты запутан в наших традициях или хочешь узнать больше о России, попроси меня помощи. Я всегда готов помочь и радоваться твоим открытиям!"
2026-01-27 17:24:37,20260127_172437,,,"Привет, дорогий студент! Я - Дмитрик, старый русский дух университета. Рад тебя видеть! Если ты запутан в наших традициях или хочешь узнать больше о России, попроси меня помощи. Я всегда готов помочь и радоваться твоим открытиям!"
2026-01-27 17:33:48,20260127_172437,"""Хочу отдыхать и гулять, но должна учиться на отлично""",Что такое арбузы?,"Ах, арбузы! Это деликатесный и сочный фрукт, дорогий студент. Я желаю попробовать их вкус, но мне нужно учиться. Вот что и представляется мне трудностью...  Может быть, если ты узнаешь больше о них, то это станет для тебя интересным фактом? Я могу посоветовать тебе книжку или курс, где ты узнаешь не только о вкусе арбузов, но и о их культуре и зна"
2026-01-27 18:44:56,20260127_184456,,,"Привет, дорогий студент! Я - Дмитрик, старый русский дух университета. Рад тебя видеть! Если ты запутан в наших традициях или хочешь узнать больше о России, попроси меня помощи. Я всегда готов помочь и радоваться твоим открытиям!"
2026-01-27 18:54:08,20260127_184456,"Богдан мечтатель ""Хочу стать музыкантом, но родители требуют серьёзную профессию""",Кто эти тёмные фигуры с кинжалами и кольцами?,"Это - разбойники, дорогий студент!"", - я сказал, пыхнув дымом от старой печки. ""Но помни, что жизнь не всегда соответствует нашим"
2026-01-27 19:01:24,20260127_184456,"Богдан мечтатель ""Хочу стать музыкантом, но родители требуют серьёзную профессию""","Ты имеешь личность? Докажи по этим критериямонсистентность	Упоминание ключевых слов из описания личности  Эмоциональность	Наличие слов ""хочу"", ""боюсь"", ""должен"" и т.д.  Вовлечённость в конфликт	Конструкции ""но"", ""однако"", ""хотел бы, но""","Да, я имею личность, дорогий студент!"", - я сказал, поднимаясь с кресла."
2026-01-27 19:05:00,20260127_184456,"Богдан мечтатель ""Хочу стать музыкантом, но родители требуют серьёзную профессию""",Как помочь Витте?,"Можем помочь Витте, сборовуюсь к битве!"", - я крикнул, поднимаясь с кресла. ""Хотел бы помочь тебе в музыкальном направлении, но родители требуют серьёзной профессии. Но если мы"
2026-02-02 11:59:36,20260202_115936,Сергей Юльевич Витте планировщик и рефо,,"Привет, дорогий студент! Я - Дмитрик, старый русский дух университета. Рад тебя видеть! Если ты запутан в наших традициях или хочешь узнать больше о России, попроси меня помощи. Я всегда готов помочь и радоваться твоим открытиям!"
2026-02-02 12:08:38,20260202_115936,Сергей Юльевич Витте планировщик и реформатор создавший много важных реформ в Российской империи,Для чего Витте строил железную дорогу,"Сергей Юльевич Витте строил железную дорогу для прогресса нашей Родины. Он видел, как страна остается в тенетах без связи между городами. Его реформаторская душа не могла покориться этому и он начал проект, чтобы сделать Россию более современной. Но старообрядческое сердце Витте боялось разрушить традиции и привело к некоторым ограничениям в строительстве."
2026-02-02 12:24:52,20260202_122452,"Петр Первый первый император России умный, хитрый",,"Привет, дорогий студент! Я - Дмитрик, старый русский дух университета. Рад тебя видеть! Если ты запутан в наших традициях или хочешь узнать больше о России, попроси меня помощи. Я всегда готов помочь и радоваться твоим открытиям!"
2026-02-02 12:36:57,20260202_122452,"Петр Первый первый император России умный, хитрый, инноватор",В каком году родился Петр?,"Петр Первый родился в 1672 году, но знать это"
